time,detected,detected_total,green,green_total,red,red_total,passed,passed_total
0.0,24,24,0,0,0,0,0,0
0.03336666666666667,18,24,0,0,0,0,0,0
0.06673333333333334,19,24,0,0,0,0,0,0
0.10010000000000001,19,25,0,0,0,0,0,0
0.13346666666666668,19,26,0,0,0,0,0,0
0.16683333333333333,19,27,0,0,0,0,0,0
0.20020000000000002,20,28,0,0,0,0,0,0
0.23356666666666667,19,28,0,0,0,0,0,0
0.26693333333333336,19,28,0,0,0,0,0,0
0.3003,22,30,0,0,0,0,0,0
0.33366666666666667,21,30,0,0,0,0,0,0
0.3670333333333333,19,31,0,0,0,0,0,0
0.40040000000000003,20,31,0,0,0,0,0,0
0.4337666666666667,19,31,0,0,0,0,0,0
0.46713333333333334,17,31,0,0,0,0,0,0
0.5005000000000001,18,31,1,1,0,0,1,1
0.5338666666666667,19,31,0,1,0,0,0,1
0.5672333333333334,19,31,0,1,0,0,0,1
0.6006,21,33,0,1,0,0,0,1
0.6339666666666667,21,33,0,1,0,0,0,1
0.6673333333333333,21,34,0,1,0,0,0,1
0.7007,22,34,0,1,0,0,0,1
0.7340666666666666,22,34,0,1,0,0,0,1
0.7674333333333333,22,34,1,2,0,0,1,2
0.8008000000000001,22,34,0,2,0,0,0,2
0.8341666666666667,22,34,0,2,0,0,0,2
0.8675333333333334,21,34,0,2,0,0,0,2
0.9009,21,34,0,2,0,0,0,2
0.9342666666666667,21,34,0,2,0,0,0,2
0.9676333333333333,21,35,0,2,0,0,0,2
1.0010000000000001,20,35,0,2,0,0,0,2
1.0343666666666667,21,35,0,2,0,0,0,2
1.0677333333333334,21,35,0,2,0,0,0,2
1.1011,20,35,0,2,0,0,0,2
1.1344666666666667,21,35,0,2,0,0,0,2
1.1678333333333333,23,38,0,2,0,0,0,2
1.2012,22,38,0,2,0,0,0,2
1.2345666666666666,21,38,0,2,0,0,0,2
1.2679333333333334,20,38,0,2,0,0,0,2
1.3013000000000001,21,38,0,2,0,0,0,2
1.3346666666666667,21,38,0,2,0,0,0,2
1.3680333333333334,21,38,0,2,0,0,0,2
1.4014,21,38,0,2,0,0,0,2
1.4347666666666667,22,39,0,2,0,0,0,2
1.4681333333333333,22,40,0,2,0,0,0,2
1.5015,22,40,0,2,0,0,0,2
1.5348666666666666,24,41,0,2,0,0,0,2
1.5682333333333334,21,41,0,2,0,0,0,2
1.6016000000000001,23,42,0,2,0,0,0,2
1.6349666666666667,22,42,0,2,0,0,0,2
1.6683333333333334,24,43,0,2,0,0,0,2
1.7017,25,44,0,2,0,0,0,2
1.7350666666666668,24,44,0,2,0,0,0,2
1.7684333333333333,22,44,0,2,0,0,0,2
1.8018,23,44,0,2,0,0,0,2
1.8351666666666666,21,44,1,3,0,0,1,3
1.8685333333333334,21,44,0,3,0,0,0,3
1.9019,22,44,0,3,0,0,0,3
1.9352666666666667,22,44,0,3,0,0,0,3
1.9686333333333335,24,46,0,3,0,0,0,3
2.0020000000000002,25,47,1,4,0,0,1,4
2.0353666666666665,26,47,0,4,0,0,0,4
2.0687333333333333,24,47,0,4,0,0,0,4
2.1021,24,47,0,4,0,0,0,4
2.135466666666667,24,48,0,4,0,0,0,4
2.168833333333333,23,48,0,4,0,0,0,4
2.2022,23,48,0,4,0,0,0,4
2.2355666666666667,24,49,0,4,0,0,0,4
2.2689333333333335,25,49,0,4,0,0,0,4
2.3023000000000002,23,49,0,4,0,0,0,4
2.3356666666666666,21,49,0,4,0,0,0,4
2.3690333333333333,23,49,0,4,0,0,0,4
2.4024,23,50,0,4,0,0,0,4
2.435766666666667,21,50,0,4,0,0,0,4
2.469133333333333,23,50,0,4,0,0,0,4
2.5025,22,50,0,4,0,0,0,4
2.5358666666666667,23,51,0,4,0,0,0,4
2.5692333333333335,21,51,0,4,0,0,0,4
2.6026000000000002,22,52,0,4,0,0,0,4
2.6359666666666666,22,52,0,4,0,0,0,4
2.6693333333333333,23,52,0,4,0,0,0,4
2.7027,23,52,0,4,0,0,0,4
2.736066666666667,23,52,0,4,0,0,0,4
2.769433333333333,23,52,0,4,0,0,0,4
2.8028,22,52,0,4,0,0,0,4
2.8361666666666667,23,53,0,4,0,0,0,4
2.8695333333333335,23,53,0,4,0,0,0,4
2.9029000000000003,23,53,0,4,0,0,0,4
2.9362666666666666,22,53,0,4,0,0,0,4
2.9696333333333333,22,53,0,4,0,0,0,4
3.003,23,53,0,4,0,0,0,4
3.036366666666667,23,53,0,4,0,0,0,4
3.069733333333333,23,53,0,4,0,0,0,4
3.1031,23,53,0,4,0,0,0,4
3.1364666666666667,23,53,0,4,0,0,0,4
3.1698333333333335,23,53,0,4,0,0,0,4
3.2032000000000003,24,54,0,4,0,0,0,4
3.2365666666666666,24,54,0,4,0,0,0,4
3.2699333333333334,24,54,0,4,0,0,0,4
3.3033,23,54,0,4,0,0,0,4
3.336666666666667,24,55,0,4,0,0,0,4
3.370033333333333,24,55,0,4,0,0,0,4
3.4034,23,55,0,4,0,0,0,4
3.4367666666666667,24,55,0,4,0,0,0,4
3.4701333333333335,23,55,0,4,0,0,0,4
3.5035000000000003,24,56,0,4,0,0,0,4
3.5368666666666666,25,56,0,4,0,0,0,4
3.5702333333333334,25,56,0,4,0,0,0,4
3.6036,25,56,0,4,0,0,0,4
3.636966666666667,23,56,0,4,0,0,0,4
3.6703333333333332,23,56,0,4,0,0,0,4
3.7037,25,58,0,4,0,0,0,4
3.7370666666666668,26,58,0,4,0,0,0,4
3.7704333333333335,26,58,0,4,0,0,0,4
3.8038,27,60,0,4,0,0,0,4
3.8371666666666666,27,60,0,4,0,0,0,4
3.8705333333333334,28,60,0,4,0,0,0,4
3.9039,27,61,0,4,0,0,0,4
3.937266666666667,27,61,0,4,0,0,0,4
3.9706333333333332,26,61,0,4,0,0,0,4
4.0040000000000004,24,61,0,4,0,0,0,4
4.037366666666666,25,61,0,4,0,0,0,4
4.070733333333333,25,62,0,4,0,0,0,4
4.1041,26,62,0,4,0,0,0,4
4.137466666666667,24,62,0,4,0,0,0,4
4.170833333333333,26,62,1,5,0,0,1,5
4.2042,26,63,0,5,0,0,0,5
4.237566666666667,27,64,0,5,0,0,0,5
4.270933333333334,25,65,0,5,0,0,0,5
4.3043000000000005,25,65,0,5,0,0,0,5
4.337666666666666,25,65,0,5,0,0,0,5
4.371033333333333,26,65,0,5,0,0,0,5
4.4044,25,66,0,5,0,0,0,5
4.437766666666667,24,66,0,5,0,0,0,5
4.471133333333333,25,66,0,5,0,0,0,5
4.5045,21,66,0,5,0,0,0,5
4.537866666666667,23,66,0,5,0,0,0,5
4.571233333333334,25,67,0,5,0,0,0,5
4.6046000000000005,27,68,2,7,0,0,2,7
4.637966666666666,26,68,0,7,0,0,0,7
4.671333333333333,26,68,0,7,0,0,0,7
4.7047,24,68,0,7,0,0,0,7
4.738066666666667,25,68,0,7,0,0,0,7
4.771433333333333,24,68,0,7,0,0,0,7
4.8048,22,69,0,7,0,0,0,7
4.838166666666667,20,69,0,7,0,0,0,7
4.871533333333334,22,69,0,7,0,0,0,7
4.9049000000000005,19,69,0,7,0,0,0,7
4.938266666666666,20,69,0,7,0,0,0,7
4.971633333333333,20,69,0,7,0,0,0,7
5.005,20,69,0,7,0,0,0,7
5.038366666666667,20,69,0,7,0,0,0,7
5.071733333333333,24,70,0,7,0,0,0,7
5.1051,22,70,0,7,0,0,0,7
5.138466666666667,23,70,0,7,0,0,0,7
5.171833333333334,21,71,0,7,0,0,0,7
5.2052000000000005,24,72,0,7,0,0,0,7
5.238566666666666,24,73,0,7,0,0,0,7
5.271933333333333,23,73,0,7,0,0,0,7
5.3053,23,73,0,7,0,0,0,7
5.338666666666667,22,73,0,7,0,0,0,7
5.372033333333333,22,73,0,7,0,0,0,7
5.4054,22,73,0,7,0,0,0,7
5.438766666666667,23,74,0,7,0,0,0,7
5.472133333333334,23,75,0,7,0,0,0,7
5.5055000000000005,23,75,0,7,0,0,0,7
5.538866666666666,23,75,0,7,0,0,0,7
5.572233333333333,22,75,0,7,0,0,0,7
5.6056,21,75,0,7,0,0,0,7
5.638966666666667,22,76,0,7,0,0,0,7
5.6723333333333334,21,76,0,7,0,0,0,7
5.7057,21,77,0,7,0,0,0,7
5.739066666666667,20,77,0,7,0,0,0,7
5.772433333333334,22,77,0,7,0,0,0,7
5.8058000000000005,23,78,0,7,0,0,0,7
5.839166666666666,23,78,0,7,0,0,0,7
5.872533333333333,22,78,0,7,0,0,0,7
5.9059,22,79,0,7,0,0,0,7
5.939266666666667,23,80,0,7,0,0,0,7
5.9726333333333335,23,80,0,7,0,0,0,7
6.006,23,80,0,7,0,0,0,7
6.039366666666667,22,80,0,7,0,0,0,7
6.072733333333334,23,80,0,7,0,0,0,7
6.1061000000000005,23,80,0,7,0,0,0,7
6.139466666666666,22,80,0,7,0,0,0,7
6.172833333333333,22,80,0,7,0,0,0,7
6.2062,22,80,0,7,0,0,0,7
6.239566666666667,22,80,0,7,0,0,0,7
6.2729333333333335,22,80,0,7,0,0,0,7
6.3063,22,80,0,7,0,0,0,7
6.339666666666667,22,80,0,7,0,0,0,7
6.373033333333334,22,80,0,7,0,0,0,7
6.4064000000000005,22,80,0,7,0,0,0,7
6.439766666666666,22,80,0,7,0,0,0,7
6.473133333333333,23,81,0,7,0,0,0,7
6.5065,22,81,0,7,0,0,0,7
6.539866666666667,22,81,0,7,0,0,0,7
6.5732333333333335,22,81,0,7,0,0,0,7
6.6066,22,81,0,7,0,0,0,7
6.639966666666667,22,81,0,7,0,0,0,7
6.673333333333334,22,81,0,7,0,0,0,7
6.7067000000000005,22,81,0,7,0,0,0,7
6.740066666666666,22,81,0,7,0,0,0,7
6.773433333333333,24,82,0,7,0,0,0,7
6.8068,24,82,0,7,0,0,0,7
6.840166666666667,23,82,0,7,0,0,0,7
6.8735333333333335,23,82,0,7,0,0,0,7
6.9069,23,82,0,7,0,0,0,7
6.940266666666667,23,82,0,7,0,0,0,7
6.973633333333334,22,82,0,7,0,0,0,7
7.007000000000001,21,82,0,7,0,0,0,7
7.040366666666666,22,82,0,7,0,0,0,7
7.073733333333333,23,82,0,7,0,0,0,7
7.1071,24,83,0,7,0,0,0,7
7.140466666666667,23,83,0,7,0,0,0,7
7.1738333333333335,22,83,0,7,0,0,0,7
7.2072,23,84,0,7,0,0,0,7
7.240566666666667,24,85,0,7,0,0,0,7
7.273933333333334,22,85,0,7,0,0,0,7
7.307300000000001,24,86,0,7,0,0,0,7
7.3406666666666665,24,87,0,7,0,0,0,7
7.374033333333333,23,87,0,7,0,0,0,7
7.4074,23,87,0,7,0,0,0,7
7.440766666666667,23,87,0,7,0,0,0,7
7.4741333333333335,23,87,0,7,0,0,0,7
7.5075,23,87,0,7,0,0,0,7
7.540866666666667,25,88,0,7,0,0,0,7
7.574233333333334,24,88,0,7,0,0,0,7
7.6076,23,88,0,7,0,0,0,7
7.6409666666666665,23,88,0,7,0,0,0,7
7.674333333333333,21,88,0,7,0,0,0,7
7.7077,23,89,0,7,0,0,0,7
7.741066666666667,21,89,0,7,0,0,0,7
7.7744333333333335,20,89,0,7,0,0,0,7
7.8078,21,90,0,7,0,0,0,7
7.841166666666667,21,90,0,7,0,0,0,7
7.874533333333334,22,90,0,7,0,0,0,7
7.9079,22,90,0,7,0,0,0,7
7.9412666666666665,22,90,1,8,0,0,1,8
7.974633333333333,23,90,0,8,0,0,0,8
8.008000000000001,23,90,0,8,0,0,0,8
8.041366666666667,23,90,0,8,0,0,0,8
8.074733333333333,23,90,0,8,0,0,0,8
8.1081,24,90,0,8,0,0,0,8
8.141466666666666,24,90,0,8,0,0,0,8
8.174833333333334,23,90,0,8,0,0,0,8
8.2082,23,90,0,8,0,0,0,8
8.241566666666667,24,90,0,8,0,0,0,8
8.274933333333333,23,90,0,8,0,0,0,8
8.308300000000001,23,90,0,8,0,0,0,8
8.341666666666667,24,91,0,8,0,0,0,8
8.375033333333333,24,91,0,8,0,0,0,8
8.4084,25,92,0,8,0,0,0,8
8.441766666666666,25,92,0,8,0,0,0,8
8.475133333333334,25,92,0,8,0,0,0,8
8.5085,25,92,0,8,0,0,0,8
8.541866666666667,26,93,0,8,0,0,0,8
8.575233333333333,24,93,0,8,0,0,0,8
8.608600000000001,23,93,0,8,0,0,0,8
8.641966666666667,23,93,0,8,0,0,0,8
8.675333333333333,23,94,0,8,0,0,0,8
8.7087,22,94,0,8,0,0,0,8
8.742066666666666,23,95,0,8,0,0,0,8
8.775433333333334,23,95,0,8,0,0,0,8
8.8088,22,95,0,8,0,0,0,8
8.842166666666667,23,95,0,8,0,0,0,8
8.875533333333333,23,95,0,8,0,0,0,8
8.908900000000001,24,95,0,8,0,0,0,8
8.942266666666667,23,95,0,8,0,0,0,8
8.975633333333333,24,96,0,8,0,0,0,8
9.009,24,96,0,8,0,0,0,8
9.042366666666666,24,96,0,8,0,0,0,8
9.075733333333334,24,96,0,8,0,0,0,8
9.1091,25,97,0,8,0,0,0,8
9.142466666666667,24,97,0,8,0,0,0,8
9.175833333333333,23,97,0,8,0,0,0,8
9.209200000000001,23,97,0,8,0,0,0,8
9.242566666666667,22,97,0,8,0,0,0,8
9.275933333333333,22,97,0,8,0,0,0,8
9.3093,23,97,0,8,0,0,0,8
9.342666666666666,24,97,0,8,0,0,0,8
9.376033333333334,24,97,0,8,0,0,0,8
9.4094,24,98,0,8,0,0,0,8
9.442766666666667,24,98,0,8,0,0,0,8
9.476133333333333,23,98,0,8,0,0,0,8
9.509500000000001,24,98,0,8,0,0,0,8
9.542866666666667,24,99,0,8,0,0,0,8
9.576233333333333,24,99,0,8,0,0,0,8
9.6096,24,99,0,8,0,0,0,8
9.642966666666666,25,99,0,8,0,0,0,8
9.676333333333334,26,100,0,8,0,0,0,8
9.7097,25,100,0,8,0,0,0,8
9.743066666666667,23,100,0,8,0,0,0,8
9.776433333333333,23,100,0,8,0,0,0,8
9.809800000000001,23,100,0,8,0,0,0,8
9.843166666666667,23,101,0,8,0,0,0,8
9.876533333333333,23,101,0,8,0,0,0,8
9.9099,26,101,0,8,0,0,0,8
9.943266666666666,28,101,0,8,0,0,0,8
9.976633333333334,27,101,0,8,0,0,0,8
10.01,26,101,0,8,0,0,0,8
10.043366666666667,24,102,0,8,0,0,0,8
10.076733333333333,24,102,0,8,0,0,0,8
10.110100000000001,27,103,0,8,0,0,0,8
10.143466666666667,22,103,0,8,0,0,0,8
10.176833333333333,25,104,0,8,0,0,0,8
10.2102,23,104,0,8,0,0,0,8
10.243566666666666,23,104,0,8,0,0,0,8
10.276933333333334,24,104,0,8,0,0,0,8
10.3103,24,104,0,8,0,0,0,8
10.343666666666667,24,104,0,8,0,0,0,8
10.377033333333333,23,104,0,8,0,0,0,8
10.410400000000001,26,105,0,8,0,0,0,8
10.443766666666667,25,105,0,8,0,0,0,8
10.477133333333333,23,105,0,8,0,0,0,8
10.5105,24,106,0,8,0,0,0,8
10.543866666666666,24,106,0,8,0,0,0,8
10.577233333333334,25,106,0,8,0,0,0,8
10.6106,25,106,0,8,0,0,0,8
10.643966666666667,24,106,0,8,0,0,0,8
10.677333333333333,24,106,0,8,0,0,0,8
10.710700000000001,22,106,0,8,0,0,0,8
10.744066666666667,23,106,0,8,0,0,0,8
10.777433333333333,25,106,0,8,0,0,0,8
10.8108,26,106,0,8,0,0,0,8
10.844166666666666,26,107,0,8,0,0,0,8
10.877533333333334,25,107,0,8,0,0,0,8
10.9109,27,108,0,8,0,0,0,8
10.944266666666667,26,108,0,8,0,0,0,8
10.977633333333333,24,108,0,8,0,0,0,8
11.011000000000001,24,108,0,8,0,0,0,8
11.044366666666667,24,108,0,8,0,0,0,8
11.077733333333333,24,108,0,8,0,0,0,8
11.1111,23,108,0,8,0,0,0,8
11.144466666666666,23,109,0,8,0,0,0,8
11.177833333333334,24,109,0,8,0,0,0,8
11.2112,23,109,0,8,0,0,0,8
11.244566666666667,24,109,0,8,0,0,0,8
11.277933333333333,23,109,0,8,0,0,0,8
11.311300000000001,21,109,1,9,0,0,1,9
11.344666666666667,21,109,0,9,0,0,0,9
11.378033333333333,22,109,0,9,0,0,0,9
11.4114,21,109,0,9,0,0,0,9
11.444766666666666,22,109,0,9,0,0,0,9
11.478133333333334,21,109,1,10,0,0,1,10
11.5115,22,109,0,10,0,0,0,10
11.544866666666667,23,110,0,10,0,0,0,10
11.578233333333333,23,110,0,10,0,0,0,10
11.611600000000001,23,110,0,10,0,0,0,10
11.644966666666667,22,110,0,10,0,0,0,10
11.678333333333333,24,110,0,10,0,0,0,10
11.7117,24,110,0,10,0,0,0,10
11.745066666666666,24,110,0,10,0,0,0,10
11.778433333333334,24,110,0,10,0,0,0,10
11.8118,25,111,0,10,0,0,0,10
11.845166666666668,24,111,0,10,0,0,0,10
11.878533333333333,24,111,0,10,0,0,0,10
11.911900000000001,25,112,0,10,0,0,0,10
11.945266666666667,25,112,0,10,0,0,0,10
11.978633333333333,24,112,0,10,0,0,0,10
12.012,24,112,0,10,0,0,0,10
12.045366666666666,24,112,0,10,0,0,0,10
12.078733333333334,23,112,0,10,0,0,0,10
12.1121,23,112,0,10,0,0,0,10
12.145466666666668,23,112,0,10,0,0,0,10
12.178833333333333,23,112,0,10,0,0,0,10
12.212200000000001,24,112,0,10,0,0,0,10
12.245566666666667,25,113,0,10,0,0,0,10
12.278933333333333,24,113,0,10,0,0,0,10
12.3123,24,114,0,10,0,0,0,10
12.345666666666666,25,115,0,10,0,0,0,10
12.379033333333334,25,115,0,10,0,0,0,10
12.4124,25,115,0,10,0,0,0,10
12.445766666666668,23,115,0,10,0,0,0,10
12.479133333333333,24,115,0,10,0,0,0,10
12.512500000000001,23,115,0,10,0,0,0,10
12.545866666666667,24,115,0,10,0,0,0,10
12.579233333333333,23,115,0,10,0,0,0,10
12.6126,24,116,0,10,0,0,0,10
12.645966666666666,24,116,0,10,0,0,0,10
12.679333333333334,24,117,0,10,0,0,0,10
12.7127,23,117,0,10,0,0,0,10
12.746066666666668,24,117,0,10,0,0,0,10
12.779433333333333,24,117,0,10,0,0,0,10
12.812800000000001,23,117,0,10,0,0,0,10
12.846166666666667,24,117,0,10,0,0,0,10
12.879533333333333,24,117,0,10,0,0,0,10
12.9129,24,117,0,10,0,0,0,10
12.946266666666666,25,118,0,10,0,0,0,10
12.979633333333334,25,118,0,10,0,0,0,10
13.013,25,118,0,10,0,0,0,10
13.046366666666668,25,118,0,10,0,0,0,10
13.079733333333333,24,118,0,10,0,0,0,10
13.113100000000001,25,118,0,10,0,0,0,10
13.146466666666667,25,118,0,10,0,0,0,10
13.179833333333333,24,118,0,10,0,0,0,10
13.2132,24,118,0,10,0,0,0,10
13.246566666666666,25,119,0,10,0,0,0,10
13.279933333333334,26,119,0,10,0,0,0,10
13.3133,24,119,0,10,0,0,0,10
13.346666666666668,24,119,0,10,0,0,0,10
13.380033333333333,24,119,0,10,0,0,0,10
13.413400000000001,25,121,0,10,0,0,0,10
13.446766666666667,25,121,0,10,0,0,0,10
13.480133333333333,25,121,0,10,0,0,0,10
13.5135,25,121,0,10,0,0,0,10
13.546866666666666,24,121,0,10,0,0,0,10
13.580233333333334,24,121,0,10,0,0,0,10
13.6136,23,121,0,10,0,0,0,10
13.646966666666668,25,122,0,10,0,0,0,10
13.680333333333333,22,122,0,10,0,0,0,10
13.713700000000001,23,123,0,10,0,0,0,10
13.747066666666667,23,123,0,10,0,0,0,10
13.780433333333333,24,124,0,10,0,0,0,10
13.8138,23,124,0,10,0,0,0,10
13.847166666666666,23,124,0,10,0,0,0,10
13.880533333333334,24,125,0,10,0,0,0,10
13.9139,25,125,0,10,0,0,0,10
13.947266666666668,25,125,0,10,0,0,0,10
13.980633333333333,25,125,0,10,0,0,0,10
14.014000000000001,24,125,0,10,0,0,0,10
14.047366666666667,23,125,0,10,0,0,0,10
14.080733333333333,23,125,0,10,0,0,0,10
14.1141,22,126,0,10,0,0,0,10
14.147466666666666,23,126,0,10,0,0,0,10
14.180833333333334,23,127,0,10,0,0,0,10
14.2142,23,127,0,10,0,0,0,10
14.247566666666668,22,127,0,10,0,0,0,10
14.280933333333333,23,127,0,10,0,0,0,10
14.314300000000001,24,127,0,10,0,0,0,10
14.347666666666667,24,127,0,10,0,0,0,10
14.381033333333333,25,127,0,10,0,0,0,10
14.4144,26,127,0,10,0,0,0,10
14.447766666666666,26,127,0,10,0,0,0,10
14.481133333333334,25,127,0,10,0,0,0,10
14.5145,25,127,0,10,0,0,0,10
14.547866666666668,25,127,0,10,0,0,0,10
14.581233333333333,23,127,0,10,0,0,0,10
14.614600000000001,24,127,0,10,0,0,0,10
14.647966666666667,25,127,0,10,0,0,0,10
14.681333333333333,26,127,0,10,0,0,0,10
14.7147,25,127,0,10,0,0,0,10
14.748066666666666,24,127,0,10,0,0,0,10
14.781433333333334,24,128,0,10,0,0,0,10
14.8148,24,128,0,10,0,0,0,10
14.848166666666668,25,128,0,10,0,0,0,10
14.881533333333334,24,128,0,10,0,0,0,10
14.9149,24,128,0,10,0,0,0,10
14.948266666666667,24,128,0,10,0,0,0,10
14.981633333333333,25,128,0,10,0,0,0,10
15.015,25,128,0,10,0,0,0,10
15.048366666666666,23,128,0,10,0,0,0,10
15.081733333333334,24,128,0,10,0,0,0,10
15.1151,24,128,0,10,0,0,0,10
15.148466666666668,23,128,0,10,0,0,0,10
15.181833333333334,23,128,0,10,0,0,0,10
15.2152,23,129,0,10,0,0,0,10
15.248566666666667,24,129,0,10,0,0,0,10
15.281933333333333,24,129,0,10,0,0,0,10
15.3153,26,130,0,10,0,0,0,10
15.348666666666666,27,131,0,10,0,0,0,10
15.382033333333334,27,131,0,10,0,0,0,10
15.4154,24,131,0,10,0,0,0,10
15.448766666666668,24,131,0,10,0,0,0,10
15.482133333333334,26,132,0,10,0,0,0,10
15.5155,26,132,0,10,0,0,0,10
15.548866666666667,26,132,0,10,0,0,0,10
15.582233333333333,27,133,0,10,0,0,0,10
15.6156,27,134,0,10,0,0,0,10
15.648966666666666,27,134,0,10,0,0,0,10
15.682333333333334,26,134,0,10,0,0,0,10
15.7157,26,134,0,10,0,0,0,10
15.749066666666668,28,136,0,10,0,0,0,10
15.782433333333334,28,136,0,10,0,0,0,10
15.8158,27,136,0,10,0,0,0,10
15.849166666666667,27,136,0,10,0,0,0,10
15.882533333333333,24,136,0,10,0,0,0,10
15.9159,25,136,0,10,0,0,0,10
15.949266666666666,26,136,0,10,0,0,0,10
15.982633333333334,26,136,0,10,0,0,0,10
16.016000000000002,26,136,0,10,0,0,0,10
16.049366666666668,26,136,0,10,0,0,0,10
16.082733333333334,26,137,0,10,0,0,0,10
16.1161,27,138,0,10,0,0,0,10
16.149466666666665,27,139,0,10,0,0,0,10
16.182833333333335,28,139,0,10,0,0,0,10
16.2162,28,139,0,10,0,0,0,10
16.249566666666666,27,139,0,10,0,0,0,10
16.282933333333332,28,140,1,11,0,0,1,11
16.316300000000002,26,140,0,11,0,0,0,11
16.349666666666668,28,140,0,11,0,0,0,11
16.383033333333334,27,140,0,11,0,0,0,11
16.4164,28,140,0,11,0,0,0,11
16.449766666666665,29,141,0,11,0,0,0,11
16.483133333333335,29,141,0,11,0,0,0,11
16.5165,29,142,0,11,0,0,0,11
16.549866666666667,30,142,0,11,0,0,0,11
16.583233333333332,30,143,0,11,0,0,0,11
16.616600000000002,32,145,0,11,0,0,0,11
16.649966666666668,28,145,0,11,0,0,0,11
16.683333333333334,26,145,0,11,0,0,0,11
16.7167,29,146,0,11,0,0,0,11
16.750066666666665,29,147,0,11,0,0,0,11
16.783433333333335,30,147,0,11,0,0,0,11
16.8168,29,147,0,11,0,0,0,11
16.850166666666667,25,147,0,11,0,0,0,11
16.883533333333332,27,147,0,11,0,0,0,11
16.916900000000002,27,147,0,11,0,0,0,11
16.950266666666668,26,147,0,11,0,0,0,11
16.983633333333334,28,148,0,11,0,0,0,11
17.017,28,148,0,11,0,0,0,11
17.050366666666665,28,148,0,11,0,0,0,11
17.083733333333335,29,148,0,11,0,0,0,11
17.1171,29,148,0,11,0,0,0,11
17.150466666666667,28,149,0,11,0,0,0,11
17.183833333333332,28,149,0,11,0,0,0,11
17.217200000000002,29,149,0,11,0,0,0,11
17.250566666666668,28,149,0,11,0,0,0,11
17.283933333333334,27,150,0,11,0,0,0,11
17.3173,27,151,0,11,0,0,0,11
17.350666666666665,28,151,0,11,0,0,0,11
17.384033333333335,28,151,0,11,0,0,0,11
17.4174,28,151,0,11,0,0,0,11
17.450766666666667,28,151,0,11,0,0,0,11
17.484133333333332,29,151,0,11,0,0,0,11
17.517500000000002,29,151,0,11,0,0,0,11
17.550866666666668,29,151,0,11,0,0,0,11
17.584233333333334,29,151,0,11,0,0,0,11
17.6176,29,152,0,11,0,0,0,11
17.650966666666665,28,152,0,11,0,0,0,11
17.684333333333335,27,152,0,11,0,0,0,11
17.7177,27,152,0,11,0,0,0,11
17.751066666666667,27,152,0,11,0,0,0,11
17.784433333333332,27,152,0,11,0,0,0,11
17.817800000000002,27,152,0,11,0,0,0,11
17.851166666666668,28,153,0,11,0,0,0,11
17.884533333333334,26,153,0,11,0,0,0,11
17.9179,27,153,0,11,0,0,0,11
17.951266666666665,27,153,0,11,0,0,0,11
17.984633333333335,25,153,0,11,0,0,0,11
18.018,25,153,0,11,0,0,0,11
18.051366666666667,24,153,0,11,0,0,0,11
18.084733333333332,27,153,0,11,0,0,0,11
18.118100000000002,26,153,0,11,0,0,0,11
18.151466666666668,26,153,0,11,0,0,0,11
18.184833333333334,27,153,0,11,0,0,0,11
18.2182,27,153,0,11,0,0,0,11
18.251566666666665,26,153,0,11,0,0,0,11
18.284933333333335,25,153,0,11,0,0,0,11
18.3183,26,153,0,11,0,0,0,11
18.351666666666667,29,155,0,11,0,0,0,11
18.385033333333332,28,155,0,11,0,0,0,11
18.418400000000002,28,155,0,11,0,0,0,11
18.451766666666668,28,155,0,11,0,0,0,11
18.485133333333334,28,155,0,11,0,0,0,11
18.5185,27,155,0,11,0,0,0,11
18.551866666666665,28,155,0,11,0,0,0,11
18.585233333333335,28,156,0,11,0,0,0,11
18.6186,28,157,0,11,0,0,0,11
18.651966666666667,27,157,0,11,0,0,0,11
18.685333333333332,29,157,0,11,0,0,0,11
18.718700000000002,29,157,0,11,0,0,0,11
18.752066666666668,29,157,0,11,0,0,0,11
18.785433333333334,29,158,0,11,0,0,0,11
18.8188,28,158,0,11,0,0,0,11
18.852166666666665,28,158,0,11,0,0,0,11
18.885533333333335,30,159,0,11,0,0,0,11
18.9189,28,159,0,11,0,0,0,11
18.952266666666667,29,159,0,11,0,0,0,11
18.985633333333332,28,159,0,11,0,0,0,11
19.019000000000002,27,159,0,11,0,0,0,11
19.052366666666668,27,160,0,11,0,0,0,11
19.085733333333334,27,160,0,11,0,0,0,11
19.1191,29,161,0,11,0,0,0,11
19.152466666666665,29,161,0,11,0,0,0,11
19.185833333333335,30,161,0,11,0,0,0,11
19.2192,29,161,0,11,0,0,0,11
19.252566666666667,27,161,0,11,0,0,0,11
19.285933333333332,29,161,0,11,0,0,0,11
19.319300000000002,28,161,0,11,0,0,0,11
19.352666666666668,27,161,0,11,0,0,0,11
19.386033333333334,26,161,0,11,0,0,0,11
19.4194,26,161,0,11,0,0,0,11
19.452766666666665,26,161,0,11,0,0,0,11
19.486133333333335,27,162,0,11,0,0,0,11
19.5195,28,163,0,11,0,0,0,11
19.552866666666667,25,163,0,11,0,0,0,11
19.586233333333332,25,163,0,11,0,0,0,11
19.619600000000002,26,163,0,11,0,0,0,11
19.652966666666668,27,163,0,11,0,0,0,11
19.686333333333334,24,163,0,11,0,0,0,11
19.7197,25,164,0,11,0,0,0,11
19.753066666666665,25,164,0,11,0,0,0,11
19.786433333333335,24,164,0,11,0,0,0,11
19.8198,24,164,0,11,0,0,0,11
19.853166666666667,27,164,0,11,0,0,0,11
19.886533333333333,27,165,0,11,0,0,0,11
19.919900000000002,24,166,0,11,0,0,0,11
19.953266666666668,24,166,0,11,0,0,0,11
19.986633333333334,25,166,0,11,0,0,0,11
20.02,23,166,0,11,0,0,0,11
20.053366666666665,23,166,0,11,0,0,0,11
20.086733333333335,24,166,0,11,0,0,0,11
20.1201,26,166,0,11,0,0,0,11
20.153466666666667,24,167,0,11,1,1,1,12
20.186833333333333,23,167,0,11,0,1,0,12
20.220200000000002,23,167,0,11,0,1,0,12
20.253566666666668,23,167,0,11,0,1,0,12
20.286933333333334,23,167,0,11,0,1,0,12
20.3203,22,167,0,11,0,1,0,12
20.353666666666665,24,167,0,11,0,1,0,12
20.387033333333335,25,167,0,11,0,1,0,12
20.4204,22,168,0,11,0,1,0,12
20.453766666666667,22,168,0,11,0,1,0,12
20.487133333333333,22,169,0,11,0,1,0,12
20.520500000000002,24,169,0,11,0,1,0,12
20.553866666666668,25,169,0,11,0,1,0,12
20.587233333333334,26,169,0,11,0,1,0,12
20.6206,23,169,0,11,0,1,0,12
20.653966666666665,25,171,0,11,0,1,0,12
20.687333333333335,26,172,0,11,0,1,0,12
20.7207,24,172,0,11,0,1,0,12
20.754066666666667,25,172,0,11,0,1,0,12
20.787433333333333,23,172,0,11,0,1,0,12
20.820800000000002,21,172,0,11,0,1,0,12
20.854166666666668,20,172,0,11,0,1,0,12
20.887533333333334,24,172,0,11,0,1,0,12
20.9209,25,172,0,11,0,1,0,12
20.954266666666665,25,173,0,11,0,1,0,12
20.987633333333335,24,173,0,11,0,1,0,12
21.021,23,173,0,11,0,1,0,12
21.054366666666667,24,174,0,11,0,1,0,12
21.087733333333333,25,174,0,11,0,1,0,12
21.121100000000002,25,174,0,11,0,1,0,12
21.154466666666668,24,174,0,11,0,1,0,12
21.187833333333334,23,174,0,11,0,1,0,12
21.2212,24,174,0,11,0,1,0,12
21.254566666666665,23,174,0,11,0,1,0,12
21.287933333333335,23,174,0,11,0,1,0,12
21.3213,23,175,0,11,0,1,0,12
21.354666666666667,23,175,0,11,0,1,0,12
21.388033333333333,23,175,0,11,0,1,0,12
21.421400000000002,23,175,0,11,0,1,0,12
21.454766666666668,24,176,0,11,0,1,0,12
21.488133333333334,24,176,0,11,0,1,0,12
21.5215,24,177,0,11,0,1,0,12
21.554866666666666,23,177,0,11,0,1,0,12
21.588233333333335,24,177,0,11,0,1,0,12
21.6216,25,177,0,11,0,1,0,12
21.654966666666667,26,177,0,11,0,1,0,12
21.688333333333333,25,177,0,11,0,1,0,12
21.721700000000002,26,178,0,11,0,1,0,12
21.755066666666668,26,179,0,11,0,1,0,12
21.788433333333334,26,179,0,11,0,1,0,12
21.8218,27,179,0,11,0,1,0,12
21.855166666666666,25,179,0,11,0,1,0,12
21.888533333333335,23,179,0,11,0,1,0,12
21.9219,23,180,0,11,0,1,0,12
21.955266666666667,26,181,0,11,0,1,0,12
21.988633333333333,27,182,0,11,0,1,0,12
22.022000000000002,26,182,0,11,0,1,0,12
22.055366666666668,25,182,0,11,0,1,0,12
22.088733333333334,27,182,0,11,0,1,0,12
22.1221,27,182,0,11,0,1,0,12
22.155466666666666,27,182,0,11,0,1,0,12
22.188833333333335,27,183,0,11,0,1,0,12
22.2222,27,185,0,11,0,1,0,12
22.255566666666667,25,185,0,11,0,1,0,12
22.288933333333333,26,185,0,11,0,1,0,12
22.322300000000002,26,185,0,11,0,1,0,12
22.355666666666668,27,186,0,11,0,1,0,12
22.389033333333334,27,187,0,11,0,1,0,12
22.4224,27,187,0,11,0,1,0,12
22.455766666666666,24,187,0,11,0,1,0,12
22.489133333333335,22,187,0,11,0,1,0,12
22.5225,22,187,0,11,0,1,0,12
22.555866666666667,24,188,0,11,0,1,0,12
22.589233333333333,23,188,0,11,0,1,0,12
22.622600000000002,23,188,0,11,0,1,0,12
22.655966666666668,23,188,0,11,0,1,0,12
22.689333333333334,25,189,0,11,0,1,0,12
22.7227,25,190,0,11,0,1,0,12
22.756066666666666,26,190,0,11,0,1,0,12
22.789433333333335,24,190,0,11,0,1,0,12
22.8228,24,190,0,11,0,1,0,12
22.856166666666667,25,191,0,11,0,1,0,12
22.889533333333333,28,192,0,11,0,1,0,12
22.922900000000002,27,192,0,11,0,1,0,12
22.956266666666668,28,193,0,11,0,1,0,12
22.989633333333334,27,193,0,11,0,1,0,12
23.023,26,193,0,11,0,1,0,12
23.056366666666666,27,193,0,11,0,1,0,12
23.089733333333335,27,194,0,11,0,1,0,12
23.1231,23,194,0,11,0,1,0,12
23.156466666666667,25,194,0,11,0,1,0,12
23.189833333333333,22,195,0,11,0,1,0,12
23.223200000000002,22,195,0,11,0,1,0,12
23.256566666666668,21,195,0,11,0,1,0,12
23.289933333333334,21,195,0,11,0,1,0,12
23.3233,21,195,0,11,0,1,0,12
23.356666666666666,22,196,0,11,0,1,0,12
23.390033333333335,24,196,0,11,0,1,0,12
23.4234,23,197,0,11,0,1,0,12
23.456766666666667,24,198,0,11,0,1,0,12
23.490133333333333,23,198,0,11,0,1,0,12
23.523500000000002,25,198,0,11,0,1,0,12
23.556866666666668,24,199,0,11,0,1,0,12
23.590233333333334,23,199,0,11,0,1,0,12
23.6236,23,199,0,11,0,1,0,12
23.656966666666666,24,199,0,11,0,1,0,12
23.690333333333335,23,199,0,11,0,1,0,12
23.7237,24,199,0,11,0,1,0,12
23.757066666666667,25,199,0,11,0,1,0,12
23.790433333333333,24,199,0,11,0,1,0,12
23.823800000000002,23,199,0,11,0,1,0,12
23.857166666666668,23,199,0,11,1,2,1,13
23.890533333333334,26,200,0,11,1,3,1,14
23.9239,26,200,0,11,0,3,0,14
23.957266666666666,26,200,0,11,0,3,0,14
23.990633333333335,25,200,0,11,0,3,0,14
24.024,25,200,0,11,0,3,0,14
24.057366666666667,25,200,0,11,0,3,0,14
24.090733333333333,26,201,0,11,0,3,0,14
24.124100000000002,25,201,0,11,0,3,0,14
24.157466666666668,25,202,0,11,0,3,0,14
24.190833333333334,26,203,0,11,0,3,0,14
24.2242,25,204,0,11,0,3,0,14
24.257566666666666,26,204,0,11,0,3,0,14
24.290933333333335,25,204,0,11,0,3,0,14
24.3243,23,205,0,11,0,3,0,14
24.357666666666667,27,208,0,11,0,3,0,14
24.391033333333333,26,208,0,11,0,3,0,14
24.424400000000002,26,208,0,11,0,3,0,14
24.457766666666668,27,209,0,11,0,3,0,14
24.491133333333334,25,210,0,11,0,3,0,14
24.5245,26,210,0,11,0,3,0,14
24.557866666666666,25,210,0,11,0,3,0,14
24.591233333333335,25,210,0,11,0,3,0,14
24.6246,26,210,0,11,0,3,0,14
24.657966666666667,23,210,0,11,0,3,0,14
24.691333333333333,24,210,0,11,0,3,0,14
24.724700000000002,25,210,0,11,0,3,0,14
24.758066666666668,27,211,0,11,0,3,0,14
24.791433333333334,25,211,0,11,0,3,0,14
24.8248,25,211,0,11,0,3,0,14
24.858166666666666,26,212,0,11,0,3,0,14
24.891533333333335,26,212,0,11,0,3,0,14
24.9249,26,212,0,11,0,3,0,14
24.958266666666667,26,212,0,11,0,3,0,14
24.991633333333333,26,213,0,11,0,3,0,14
25.025000000000002,24,213,0,11,0,3,0,14
25.058366666666668,24,213,0,11,0,3,0,14
25.091733333333334,25,213,0,11,0,3,0,14
25.1251,25,214,0,11,0,3,0,14
25.158466666666666,24,214,0,11,0,3,0,14
25.191833333333335,24,214,0,11,0,3,0,14
25.2252,21,214,0,11,0,3,0,14
25.258566666666667,23,214,0,11,0,3,0,14
25.291933333333333,23,214,0,11,0,3,0,14
25.325300000000002,22,214,0,11,0,3,0,14
25.358666666666668,23,214,0,11,0,3,0,14
25.392033333333334,22,214,0,11,0,3,0,14
25.4254,23,215,0,11,0,3,0,14
25.458766666666666,23,215,0,11,0,3,0,14
25.492133333333335,23,215,0,11,0,3,0,14
25.5255,23,215,0,11,0,3,0,14
25.558866666666667,23,215,0,11,0,3,0,14
25.592233333333333,26,215,0,11,0,3,0,14
25.625600000000002,27,215,0,11,0,3,0,14
25.658966666666668,26,215,0,11,0,3,0,14
25.692333333333334,26,215,0,11,0,3,0,14
25.7257,25,215,0,11,0,3,0,14
25.759066666666666,26,215,0,11,0,3,0,14
25.792433333333335,26,215,0,11,0,3,0,14
25.8258,26,217,0,11,0,3,0,14
25.859166666666667,26,219,0,11,0,3,0,14
25.892533333333333,23,219,0,11,0,3,0,14
25.925900000000002,21,219,0,11,0,3,0,14
25.959266666666668,22,220,0,11,0,3,0,14
25.992633333333334,24,221,0,11,0,3,0,14
26.026,23,221,0,11,0,3,0,14
26.059366666666666,20,222,0,11,0,3,0,14
26.092733333333335,23,223,0,11,0,3,0,14
26.1261,22,223,0,11,0,3,0,14
26.159466666666667,20,223,0,11,0,3,0,14
26.192833333333333,21,224,0,11,0,3,0,14
26.226200000000002,25,226,0,11,0,3,0,14
26.259566666666668,19,226,0,11,0,3,0,14
26.292933333333334,20,227,0,11,0,3,0,14
26.3263,21,228,0,11,0,3,0,14
26.359666666666666,20,228,0,11,0,3,0,14
26.393033333333335,21,228,0,11,0,3,0,14
26.4264,21,229,0,11,0,3,0,14
26.459766666666667,20,229,0,11,0,3,0,14
26.493133333333333,20,229,0,11,0,3,0,14
26.526500000000002,21,230,0,11,0,3,0,14
26.559866666666668,21,230,0,11,0,3,0,14
26.593233333333334,21,230,0,11,0,3,0,14
26.6266,20,230,0,11,0,3,0,14
26.659966666666666,21,230,0,11,0,3,0,14
26.693333333333335,21,231,0,11,0,3,0,14
26.7267,19,231,0,11,0,3,0,14
26.760066666666667,18,231,0,11,0,3,0,14
26.793433333333333,17,231,0,11,0,3,0,14
26.826800000000002,19,232,0,11,0,3,0,14
26.860166666666668,19,232,0,11,0,3,0,14
26.893533333333334,20,233,0,11,0,3,0,14
26.9269,19,234,0,11,0,3,0,14
26.960266666666666,19,234,0,11,0,3,0,14
26.993633333333335,18,234,0,11,0,3,0,14
27.027,20,234,0,11,0,3,0,14
27.060366666666667,21,235,0,11,0,3,0,14
27.093733333333333,21,235,0,11,0,3,0,14
27.127100000000002,21,235,0,11,0,3,0,14
27.160466666666668,21,235,0,11,0,3,0,14
27.193833333333334,21,235,0,11,0,3,0,14
27.2272,18,235,0,11,0,3,0,14
27.260566666666666,19,235,0,11,0,3,0,14
27.293933333333335,20,235,0,11,0,3,0,14
27.3273,22,236,0,11,0,3,0,14
27.360666666666667,23,238,0,11,0,3,0,14
27.394033333333333,21,239,0,11,0,3,0,14
27.427400000000002,19,239,0,11,0,3,0,14
27.460766666666668,19,241,0,11,0,3,0,14
27.494133333333334,23,243,0,11,0,3,0,14
27.5275,23,245,0,11,0,3,0,14
27.560866666666666,21,245,0,11,0,3,0,14
27.594233333333335,23,245,0,11,0,3,0,14
27.6276,20,245,0,11,0,3,0,14
27.660966666666667,20,246,0,11,0,3,0,14
27.694333333333333,22,247,0,11,0,3,0,14
27.727700000000002,22,248,0,11,0,3,0,14
27.761066666666668,25,250,0,11,0,3,0,14
27.794433333333334,24,251,0,11,0,3,0,14
27.8278,22,252,0,11,0,3,0,14
27.861166666666666,22,252,1,12,0,3,1,15
27.894533333333335,20,252,0,12,0,3,0,15
27.9279,20,252,0,12,0,3,0,15
27.961266666666667,21,252,0,12,0,3,0,15
27.994633333333333,22,253,0,12,0,3,0,15
28.028000000000002,22,253,0,12,0,3,0,15
28.061366666666668,21,253,0,12,0,3,0,15
28.094733333333334,19,253,0,12,0,3,0,15
28.1281,22,253,0,12,0,3,0,15
28.161466666666666,22,254,0,12,0,3,0,15
28.194833333333335,20,254,0,12,0,3,0,15
28.2282,20,255,0,12,0,3,0,15
28.261566666666667,20,255,0,12,0,3,0,15
28.294933333333333,19,255,0,12,0,3,0,15
28.328300000000002,17,255,0,12,0,3,0,15
28.361666666666668,20,256,0,12,0,3,0,15
28.395033333333334,19,256,0,12,0,3,0,15
28.4284,21,256,0,12,0,3,0,15
28.461766666666666,20,256,0,12,0,3,0,15
28.495133333333335,21,257,0,12,0,3,0,15
28.5285,22,258,0,12,0,3,0,15
28.561866666666667,20,258,0,12,0,3,0,15
28.595233333333333,22,259,0,12,0,3,0,15
28.628600000000002,24,261,0,12,0,3,0,15
28.661966666666668,23,261,0,12,0,3,0,15
28.695333333333334,23,261,0,12,0,3,0,15
28.7287,23,261,0,12,0,3,0,15
28.762066666666666,24,262,0,12,0,3,0,15
28.795433333333335,23,262,0,12,0,3,0,15
28.8288,23,262,0,12,0,3,0,15
28.862166666666667,25,263,0,12,0,3,0,15
28.895533333333333,24,263,0,12,0,3,0,15
28.928900000000002,24,263,0,12,0,3,0,15
28.962266666666668,26,263,0,12,0,3,0,15
28.995633333333334,23,263,0,12,0,3,0,15
29.029,21,263,0,12,0,3,0,15
29.062366666666666,21,263,0,12,0,3,0,15
29.095733333333335,22,263,0,12,0,3,0,15
29.1291,22,264,0,12,0,3,0,15
29.162466666666667,22,264,1,13,0,3,1,16
29.195833333333333,23,266,0,13,0,3,0,16
29.229200000000002,24,266,0,13,0,3,0,16
29.262566666666668,24,266,0,13,0,3,0,16
29.295933333333334,23,267,0,13,0,3,0,16
29.3293,22,267,0,13,0,3,0,16
29.362666666666666,22,267,0,13,0,3,0,16
29.396033333333335,25,268,0,13,0,3,0,16
29.4294,23,268,0,13,0,3,0,16
29.462766666666667,22,268,0,13,0,3,0,16
29.496133333333333,23,269,0,13,0,3,0,16
29.529500000000002,24,269,0,13,0,3,0,16
29.562866666666668,24,269,0,13,0,3,0,16
29.596233333333334,22,269,0,13,0,3,0,16
29.6296,21,269,1,14,0,3,1,17
29.662966666666666,22,270,0,14,0,3,0,17
29.696333333333335,24,271,0,14,0,3,0,17
29.7297,25,271,0,14,0,3,0,17
29.763066666666667,25,271,0,14,0,3,0,17
29.796433333333333,24,271,0,14,0,3,0,17
29.8298,24,271,0,14,0,3,0,17
29.863166666666668,24,271,0,14,0,3,0,17
29.896533333333334,23,271,0,14,0,3,0,17
29.9299,23,271,0,14,0,3,0,17
29.963266666666666,23,271,0,14,0,3,0,17
29.996633333333335,22,271,0,14,0,3,0,17
30.03,21,271,0,14,0,3,0,17
30.063366666666667,21,271,0,14,0,3,0,17
30.096733333333333,21,271,0,14,0,3,0,17
30.1301,22,271,0,14,0,3,0,17
30.163466666666668,19,271,0,14,0,3,0,17
30.196833333333334,21,271,0,14,0,3,0,17
30.2302,19,271,0,14,0,3,0,17
30.263566666666666,19,271,0,14,0,3,0,17
30.296933333333335,19,271,0,14,0,3,0,17
30.3303,20,271,0,14,0,3,0,17
30.363666666666667,21,271,0,14,0,3,0,17
30.397033333333333,21,272,0,14,0,3,0,17
30.4304,21,272,0,14,0,3,0,17
30.463766666666668,21,272,0,14,0,3,0,17
30.497133333333334,21,272,0,14,0,3,0,17
30.5305,23,273,0,14,0,3,0,17
30.563866666666666,21,273,0,14,0,3,0,17
30.597233333333335,22,273,0,14,0,3,0,17
30.6306,22,273,0,14,0,3,0,17
30.663966666666667,23,274,0,14,0,3,0,17
30.697333333333333,24,274,0,14,0,3,0,17
30.7307,24,274,0,14,0,3,0,17
30.76406666666667,24,274,0,14,0,3,0,17
30.797433333333334,25,277,0,14,0,3,0,17
30.8308,26,277,0,14,0,3,0,17
30.864166666666666,26,277,0,14,0,3,0,17
30.897533333333335,25,277,0,14,0,3,0,17
30.9309,24,277,0,14,0,3,0,17
30.964266666666667,23,277,0,14,0,3,0,17
30.997633333333333,24,277,0,14,0,3,0,17
31.031,23,277,0,14,0,3,0,17
31.06436666666667,24,277,0,14,0,3,0,17
31.097733333333334,24,277,0,14,0,3,0,17
31.1311,24,278,0,14,0,3,0,17
31.164466666666666,24,278,0,14,0,3,0,17
31.197833333333335,24,278,0,14,0,3,0,17
31.2312,24,278,0,14,0,3,0,17
31.264566666666667,25,279,0,14,0,3,0,17
31.297933333333333,25,279,0,14,0,3,0,17
31.3313,23,279,0,14,0,3,0,17
31.36466666666667,25,279,0,14,0,3,0,17
31.398033333333334,27,280,0,14,0,3,0,17
31.4314,26,280,0,14,0,3,0,17
31.464766666666666,26,281,0,14,0,3,0,17
31.498133333333335,27,282,0,14,0,3,0,17
31.5315,25,282,0,14,0,3,0,17
31.564866666666667,25,282,0,14,0,3,0,17
31.598233333333333,24,282,0,14,0,3,0,17
31.6316,26,283,0,14,0,3,0,17
31.66496666666667,27,283,0,14,0,3,0,17
31.698333333333334,25,284,0,14,0,3,0,17
31.7317,28,285,0,14,0,3,0,17
31.765066666666666,29,287,0,14,0,3,0,17
31.798433333333335,26,287,0,14,0,3,0,17
31.8318,26,287,0,14,0,3,0,17
31.865166666666667,24,287,0,14,0,3,0,17
31.898533333333333,26,288,0,14,0,3,0,17
31.9319,27,288,0,14,0,3,0,17
31.96526666666667,27,288,0,14,0,3,0,17
31.998633333333334,26,288,0,14,0,3,0,17
32.032000000000004,27,288,0,14,0,3,0,17
32.06536666666667,27,288,0,14,0,3,0,17
32.098733333333335,29,288,0,14,0,3,0,17
32.1321,29,289,0,14,0,3,0,17
32.16546666666667,27,289,0,14,0,3,0,17
32.19883333333333,27,289,0,14,0,3,0,17
32.2322,26,289,0,14,0,3,0,17
32.265566666666665,26,289,0,14,0,3,0,17
32.29893333333333,25,289,0,14,0,3,0,17
32.332300000000004,25,289,0,14,0,3,0,17
32.36566666666667,25,289,0,14,0,3,0,17
32.399033333333335,26,289,0,14,0,3,0,17
32.4324,26,289,0,14,0,3,0,17
32.46576666666667,26,289,0,14,0,3,0,17
32.49913333333333,26,289,0,14,0,3,0,17
32.5325,27,289,0,14,0,3,0,17
32.565866666666665,26,289,0,14,0,3,0,17
32.59923333333333,25,289,0,14,0,3,0,17
32.632600000000004,26,290,0,14,0,3,0,17
32.66596666666667,25,290,0,14,0,3,0,17
32.699333333333335,22,290,0,14,0,3,0,17
32.7327,21,290,0,14,0,3,0,17
32.76606666666667,22,290,0,14,0,3,0,17
32.79943333333333,24,290,0,14,0,3,0,17
32.8328,25,290,0,14,0,3,0,17
32.866166666666665,25,290,0,14,0,3,0,17
32.89953333333333,26,290,0,14,0,3,0,17
32.932900000000004,25,290,0,14,0,3,0,17
32.96626666666667,25,290,0,14,0,3,0,17
32.999633333333335,26,291,0,14,0,3,0,17
33.033,26,291,0,14,0,3,0,17
33.06636666666667,24,291,0,14,0,3,0,17
33.09973333333333,24,291,0,14,0,3,0,17
33.1331,24,291,0,14,0,3,0,17
33.166466666666665,24,291,0,14,0,3,0,17
33.19983333333333,25,291,0,14,0,3,0,17
33.233200000000004,26,292,0,14,0,3,0,17
33.26656666666667,25,292,0,14,0,3,0,17
33.299933333333335,24,292,0,14,0,3,0,17
33.3333,24,292,0,14,0,3,0,17
33.36666666666667,24,292,0,14,0,3,0,17
33.40003333333333,23,292,0,14,0,3,0,17
33.4334,24,292,0,14,0,3,0,17
33.466766666666665,24,292,0,14,0,3,0,17
33.50013333333333,25,293,0,14,0,3,0,17
33.533500000000004,24,293,0,14,0,3,0,17
33.56686666666667,24,294,0,14,0,3,0,17
33.600233333333335,25,294,0,14,0,3,0,17
33.6336,25,294,0,14,0,3,0,17
33.66696666666667,24,294,0,14,0,3,0,17
33.70033333333333,23,295,0,14,0,3,0,17
33.7337,24,295,0,14,0,3,0,17
33.767066666666665,27,295,0,14,0,3,0,17
33.80043333333333,25,296,0,14,0,3,0,17
33.833800000000004,25,296,0,14,0,3,0,17
33.86716666666667,24,296,0,14,0,3,0,17
33.900533333333335,24,296,0,14,0,3,0,17
33.9339,26,296,0,14,0,3,0,17
33.96726666666667,27,298,0,14,0,3,0,17
34.00063333333333,26,298,0,14,0,3,0,17
34.034,28,298,0,14,0,3,0,17
34.067366666666665,25,298,0,14,0,3,0,17
34.10073333333333,26,298,0,14,0,3,0,17
34.134100000000004,26,298,0,14,0,3,0,17
34.16746666666667,29,300,0,14,0,3,0,17
34.200833333333335,28,300,0,14,0,3,0,17
34.2342,27,300,0,14,0,3,0,17
34.26756666666667,25,300,0,14,0,3,0,17
34.30093333333333,25,300,0,14,0,3,0,17
34.3343,29,302,0,14,0,3,0,17
34.367666666666665,29,302,0,14,0,3,0,17
34.40103333333333,29,302,0,14,0,3,0,17
34.434400000000004,29,302,0,14,0,3,0,17
34.46776666666667,28,302,0,14,0,3,0,17
34.501133333333335,28,302,0,14,0,3,0,17
34.5345,28,302,0,14,0,3,0,17
34.56786666666667,26,302,1,15,0,3,1,18
34.60123333333333,27,303,0,15,0,3,0,18
34.6346,29,304,0,15,0,3,0,18
34.667966666666665,26,304,0,15,0,3,0,18
34.70133333333333,28,304,0,15,0,3,0,18
34.734700000000004,27,304,0,15,0,3,0,18
34.76806666666667,29,304,0,15,0,3,0,18
34.801433333333335,30,305,0,15,0,3,0,18
34.8348,28,306,0,15,0,3,0,18
34.86816666666667,28,307,0,15,0,3,0,18
34.90153333333333,27,307,0,15,0,3,0,18
34.9349,31,308,0,15,0,3,0,18
34.968266666666665,33,309,0,15,0,3,0,18
35.00163333333333,34,310,1,16,0,3,1,19
35.035000000000004,34,310,0,16,0,3,0,19
35.06836666666667,33,310,0,16,0,3,0,19
35.101733333333335,32,310,0,16,0,3,0,19
35.1351,30,310,0,16,0,3,0,19
35.16846666666667,31,311,0,16,0,3,0,19
35.20183333333333,31,311,0,16,0,3,0,19
35.2352,31,311,0,16,0,3,0,19
35.268566666666665,28,311,0,16,0,3,0,19
35.30193333333333,29,311,0,16,0,3,0,19
35.335300000000004,28,312,0,16,0,3,0,19
35.36866666666667,29,312,0,16,0,3,0,19
35.402033333333335,30,312,0,16,0,3,0,19
35.4354,32,312,0,16,0,3,0,19
35.46876666666667,28,312,0,16,0,3,0,19
35.50213333333333,30,312,0,16,0,3,0,19
35.5355,29,312,0,16,0,3,0,19
35.568866666666665,28,312,0,16,0,3,0,19
35.60223333333333,29,312,0,16,0,3,0,19
35.635600000000004,28,312,0,16,0,3,0,19
35.66896666666667,28,312,0,16,0,3,0,19
35.702333333333335,29,312,0,16,0,3,0,19
35.7357,29,312,0,16,0,3,0,19
35.76906666666667,27,312,0,16,0,3,0,19
35.80243333333333,27,312,0,16,0,3,0,19
35.8358,28,312,0,16,0,3,0,19
35.869166666666665,27,312,0,16,0,3,0,19
35.90253333333333,28,312,0,16,0,3,0,19
35.935900000000004,31,314,1,17,0,3,1,20
35.96926666666667,31,314,0,17,0,3,0,20
36.002633333333335,29,314,0,17,0,3,0,20
36.036,30,314,0,17,0,3,0,20
36.06936666666667,30,314,0,17,0,3,0,20
36.10273333333333,28,314,0,17,0,3,0,20
36.1361,29,314,0,17,0,3,0,20
36.169466666666665,30,314,0,17,0,3,0,20
36.20283333333333,29,314,0,17,0,3,0,20
36.236200000000004,29,314,0,17,0,3,0,20
36.26956666666667,29,314,0,17,0,3,0,20
36.302933333333335,29,314,0,17,0,3,0,20
36.3363,30,314,0,17,0,3,0,20
36.36966666666667,30,314,0,17,0,3,0,20
36.40303333333333,28,314,0,17,0,3,0,20
36.4364,29,314,0,17,0,3,0,20
36.469766666666665,28,314,0,17,0,3,0,20
36.50313333333333,27,314,0,17,0,3,0,20
36.536500000000004,26,314,0,17,0,3,0,20
36.56986666666667,26,314,0,17,0,3,0,20
36.603233333333336,24,314,0,17,0,3,0,20
36.6366,26,314,0,17,0,3,0,20
36.66996666666667,23,314,0,17,0,3,0,20
36.70333333333333,22,314,0,17,0,3,0,20
36.7367,24,314,0,17,0,3,0,20
36.770066666666665,25,315,0,17,0,3,0,20
36.80343333333333,25,315,0,17,0,3,0,20
36.836800000000004,24,315,0,17,0,3,0,20
36.87016666666667,25,316,0,17,0,3,0,20
36.903533333333336,25,316,0,17,0,3,0,20
36.9369,25,316,0,17,0,3,0,20
36.97026666666667,25,316,0,17,0,3,0,20
37.00363333333333,23,316,0,17,0,3,0,20
37.037,22,316,0,17,0,3,0,20
37.070366666666665,23,316,0,17,0,3,0,20
37.10373333333333,25,316,0,17,0,3,0,20
37.137100000000004,24,316,0,17,0,3,0,20
37.17046666666667,22,316,0,17,0,3,0,20
37.203833333333336,23,316,0,17,0,3,0,20
37.2372,24,316,0,17,0,3,0,20
37.27056666666667,25,316,0,17,0,3,0,20
37.30393333333333,24,316,0,17,0,3,0,20
37.3373,24,316,0,17,0,3,0,20
37.370666666666665,23,316,0,17,0,3,0,20
37.40403333333333,24,317,0,17,0,3,0,20
37.437400000000004,23,317,0,17,0,3,0,20
37.47076666666667,24,317,0,17,0,3,0,20
37.504133333333336,25,317,0,17,0,3,0,20
37.5375,25,317,0,17,0,3,0,20
37.57086666666667,25,318,0,17,0,3,0,20
37.60423333333333,24,318,0,17,0,3,0,20
37.6376,24,318,0,17,0,3,0,20
37.670966666666665,22,318,0,17,0,3,0,20
37.70433333333333,23,318,0,17,0,3,0,20
37.737700000000004,24,319,0,17,0,3,0,20
37.77106666666667,24,319,0,17,0,3,0,20
37.804433333333336,23,319,0,17,0,3,0,20
37.8378,22,319,0,17,0,3,0,20
37.87116666666667,21,319,0,17,0,3,0,20
37.90453333333333,21,319,0,17,0,3,0,20
37.9379,21,319,0,17,0,3,0,20
37.971266666666665,21,319,0,17,0,3,0,20
38.00463333333333,22,319,0,17,0,3,0,20
38.038000000000004,22,319,0,17,0,3,0,20
38.07136666666667,24,321,0,17,0,3,0,20
38.104733333333336,24,321,0,17,0,3,0,20
38.1381,25,322,0,17,0,3,0,20
38.17146666666667,23,322,0,17,0,3,0,20
38.20483333333333,23,322,0,17,0,3,0,20
38.2382,23,322,0,17,0,3,0,20
38.271566666666665,23,322,0,17,0,3,0,20
38.30493333333333,24,322,0,17,0,3,0,20
38.338300000000004,24,322,0,17,0,3,0,20
38.37166666666667,24,322,0,17,0,3,0,20
38.405033333333336,23,322,1,18,0,3,1,21
38.4384,25,324,0,18,0,3,0,21
38.47176666666667,27,326,0,18,0,3,0,21
38.50513333333333,26,326,0,18,0,3,0,21
38.5385,27,326,0,18,0,3,0,21
38.571866666666665,26,326,0,18,0,3,0,21
38.60523333333333,25,326,0,18,0,3,0,21
38.638600000000004,24,326,1,19,0,3,1,22
38.67196666666667,23,326,0,19,0,3,0,22
38.705333333333336,22,326,0,19,0,3,0,22
38.7387,22,326,0,19,0,3,0,22
38.77206666666667,21,326,0,19,0,3,0,22
38.80543333333333,22,327,0,19,0,3,0,22
38.8388,23,328,0,19,0,3,0,22
38.872166666666665,23,328,0,19,0,3,0,22
38.90553333333333,24,328,0,19,0,3,0,22
38.938900000000004,25,329,0,19,0,3,0,22
38.97226666666667,25,329,0,19,0,3,0,22
39.005633333333336,26,330,0,19,0,3,0,22
39.039,27,330,0,19,0,3,0,22
39.07236666666667,27,330,0,19,0,3,0,22
39.10573333333333,26,330,0,19,0,3,0,22
39.1391,25,330,0,19,0,3,0,22
39.172466666666665,26,331,0,19,0,3,0,22
39.20583333333333,25,331,0,19,0,3,0,22
39.239200000000004,25,331,0,19,0,3,0,22
39.27256666666667,24,331,0,19,0,3,0,22
39.305933333333336,24,331,0,19,0,3,0,22
39.3393,24,331,0,19,0,3,0,22
39.37266666666667,24,331,0,19,0,3,0,22
39.40603333333333,24,332,0,19,0,3,0,22
39.4394,24,332,0,19,0,3,0,22
39.472766666666665,22,332,0,19,0,3,0,22
39.50613333333333,23,332,0,19,0,3,0,22
39.539500000000004,23,332,0,19,0,3,0,22
39.57286666666667,23,332,0,19,0,3,0,22
39.606233333333336,21,332,0,19,0,3,0,22
39.6396,22,332,0,19,0,3,0,22
39.67296666666667,22,333,0,19,0,3,0,22
39.70633333333333,22,333,0,19,0,3,0,22
39.7397,21,333,0,19,0,3,0,22
39.773066666666665,22,333,0,19,0,3,0,22
39.80643333333333,22,333,0,19,0,3,0,22
39.839800000000004,20,333,0,19,0,3,0,22
39.87316666666667,21,333,0,19,0,3,0,22
39.906533333333336,22,333,0,19,0,3,0,22
